name,rating,votes,grade,type,height,pitches,safety,commitment,state,sub_area,photos,comments,near_grades,aid_grade
Classic Crack,3.5,11,5.10a,"['Trad', 'TR']",70,1,,,California,June Lake Area,1,0,"['5.12a', '5.10c']",
Fear of Flying,2.5,2,5.10c,['Trad'],40,1,,,California,June Lake Area,0,1,"['5.12a', '5.10a']",
Block and Tackle,3.6,11,5.12a,['Trad'],50,1,,,California,June Lake Area,2,2,"['5.10a', '5.10c']",
Santuario de Guadalupe,1.5,4,5.8,['Sport'],70,1,,,California,June Lake Area,4,0,"['5.11c', '5.11a', '5.11+', '5.11a']",
Bush League,2.8,5,5.11a,['Sport'],95,1,,,California,June Lake Area,3,2,"['5.11c', '5.11+', '5.8', '5.11a']",
Torqued Off,2.7,3,5.11a,['Sport'],85,1,,,California,June Lake Area,1,0,"['5.11c', '5.11+', '5.8', '5.11a']",
The Brazilian Dazzler,3.0,5,5.11c,['Sport'],90,1,,,California,June Lake Area,3,1,"['5.11a', '5.11+', '5.8', '5.11a']",
Bush Pilot,2.3,3,5.11+,['Sport'],45,1,,,California,June Lake Area,0,0,"['5.11c', '5.11a', '5.8', '5.11a']",
Beginner Slab,2.4,5,5.4,"['Trad', 'TR']",80,1,,,California,June Lake Area,0,1,"['5.9', '5.10d', '5.11a', '5.11a']",
Do You Even Climb Bro?,2.0,4,5.9,"['Sport', 'TR']",60,1,,,California,June Lake Area,1,1,"['5.4', '5.10d', '5.11a', '5.11a']",
Heartless Minds,3.0,3,5.10d,"['Sport', 'TR']",60,1,,,California,June Lake Area,3,0,"['5.4', '5.9', '5.11a', '5.11a']",
Perfect Proportions,2.2,6,5.11a,['Sport'],70,1,,,California,June Lake Area,6,15,"['5.4', '5.9', '5.10d', '5.11a']",
Shutdown Face,3.0,4,5.11a,['Trad'],60,1,,,California,June Lake Area,5,2,"['5.4', '5.9', '5.10d', '5.11a']",
While You Were Quarantining,1.0,1,5.7+,['Sport'],65,1,,,California,June Lake Area,1,0,"['5.10a', '5.11a', '5.8']",
While You Were Sleeping,1.8,5,5.8,['Sport'],60,1,,,California,June Lake Area,1,1,"['5.10a', '5.11a', '5.7+']",
Five Nine D,2.9,7,5.10a,['Sport'],70,1,,,California,June Lake Area,1,1,"['5.11a', '5.7+', '5.8']",
Plata o Plomo,2.0,3,5.11a,['Sport'],70,1,,,California,June Lake Area,1,0,"['5.10a', '5.7+', '5.8']",
Lower Right Arete,2.5,2,5.10b,['TR'],20,1,,,California,Rush,1,0,['5.11+'],
Low Right Direct,2.0,1,5.11+,"['Trad', 'TR']",25,1,,,California,Rush,1,0,['5.10b'],
Chasing the Butterfly,2.5,2,5.4,"['Trad', 'TR']",100,1,,,California,Rush,1,0,"['5.8', '5.8', '5.9', '5.8+']",
Di-Crack Left,2.5,2,5.8,['TR'],80,1,,,California,Rush,1,0,"['5.4', '5.8', '5.9', '5.8+']",
Di-Crack Center,2.5,4,5.8,['TR'],70,1,,,California,Rush,1,0,"['5.4', '5.8', '5.9', '5.8+']",
Tangling with Yarn,2.5,2,5.8+,['TR'],90,1,,,California,Rush,1,0,"['5.4', '5.8', '5.8', '5.9']",
Di-Crack Right,3.0,2,5.9,['TR'],70,1,,,California,Rush,1,0,"['5.4', '5.8', '5.8', '5.8+']",
CF Connect Left Upper Right,2.0,1,5.2,['Sport'],80,1,,,California,Rush,1,0,"['5.10c/d', '5.9+', '5.7', '5.10a', '5.4', '5.8+', '5.10a', '5.3', '5.3', '5.10b', '5.3', '5.8', '5.4', '5.9', '5.6', '5.6', '5.7', '5.11a', '5.5', '5.8', '5.7', '5.9']",
Hand Traverse,1.5,2,5.3,['Trad'],35,1,,,California,Rush,4,0,"['5.10c/d', '5.9+', '5.7', '5.10a', '5.2', '5.4', '5.8+', '5.10a', '5.3', '5.10b', '5.3', '5.8', '5.4', '5.9', '5.6', '5.6', '5.7', '5.11a', '5.5', '5.8', '5.7', '5.9']",
Connect High Chouinard,1.0,2,5.3,['Trad'],169,1,PG13,,California,Rush,1,0,"['5.10c/d', '5.9+', '5.7', '5.10a', '5.2', '5.4', '5.8+', '5.10a', '5.3', '5.10b', '5.3', '5.8', '5.4', '5.9', '5.6', '5.6', '5.7', '5.11a', '5.5', '5.8', '5.7', '5.9']",
Connect Top Central Fins,0.5,2,5.3,['Trad'],120,1,PG13,,California,Rush,1,0,"['5.10c/d', '5.9+', '5.7', '5.10a', '5.2', '5.4', '5.8+', '5.10a', '5.3', '5.10b', '5.3', '5.8', '5.4', '5.9', '5.6', '5.6', '5.7', '5.11a', '5.5', '5.8', '5.7', '5.9']",
Left Slab - Far Left Gully,3.0,1,5.4,['TR'],90,1,,,California,Rush,1,0,"['5.10c/d', '5.9+', '5.7', '5.10a', '5.2', '5.8+', '5.10a', '5.3', '5.3', '5.10b', '5.3', '5.8', '5.4', '5.9', '5.6', '5.6', '5.7', '5.11a', '5.5', '5.8', '5.7', '5.9']",
CF Left Ledge,2.0,1,5.4,['Sport'],65,1,,,California,Rush,1,0,"['5.10c/d', '5.9+', '5.7', '5.10a', '5.2', '5.8+', '5.10a', '5.3', '5.3', '5.10b', '5.3', '5.8', '5.4', '5.9', '5.6', '5.6', '5.7', '5.11a', '5.5', '5.8', '5.7', '5.9']",
Right End Ledge,2.0,1,5.5,['Sport'],75,1,,,California,Rush,2,0,"['5.10c/d', '5.9+', '5.7', '5.10a', '5.2', '5.4', '5.8+', '5.10a', '5.3', '5.3', '5.10b', '5.3', '5.8', '5.4', '5.9', '5.6', '5.6', '5.7', '5.11a', '5.8', '5.7', '5.9']",
Left Slab - Near Left Gully,3.0,2,5.6,['Sport'],75,1,,,California,Rush,3,0,"['5.10c/d', '5.9+', '5.7', '5.10a', '5.2', '5.4', '5.8+', '5.10a', '5.3', '5.3', '5.10b', '5.3', '5.8', '5.4', '5.9', '5.6', '5.7', '5.11a', '5.5', '5.8', '5.7', '5.9']",
Left Slab - Left Cracks,3.0,1,5.6,['TR'],70,1,,,California,Rush,2,0,"['5.10c/d', '5.9+', '5.7', '5.10a', '5.2', '5.4', '5.8+', '5.10a', '5.3', '5.3', '5.10b', '5.3', '5.8', '5.4', '5.9', '5.6', '5.7', '5.11a', '5.5', '5.8', '5.7', '5.9']",
Central Fins - Left Tower + Groove,2.5,2,5.7,['TR'],85,1,,,California,Rush,1,1,"['5.10c/d', '5.9+', '5.10a', '5.2', '5.4', '5.8+', '5.10a', '5.3', '5.3', '5.10b', '5.3', '5.8', '5.4', '5.9', '5.6', '5.6', '5.7', '5.11a', '5.5', '5.8', '5.7', '5.9']",
Left Slab - Right Flake,2.5,2,5.7,['TR'],55,1,,,California,Rush,1,0,"['5.10c/d', '5.9+', '5.10a', '5.2', '5.4', '5.8+', '5.10a', '5.3', '5.3', '5.10b', '5.3', '5.8', '5.4', '5.9', '5.6', '5.6', '5.7', '5.11a', '5.5', '5.8', '5.7', '5.9']",
Upper Right Exit,2.5,2,5.7,['Sport'],60,1,,,California,Rush,1,0,"['5.10c/d', '5.9+', '5.10a', '5.2', '5.4', '5.8+', '5.10a', '5.3', '5.3', '5.10b', '5.3', '5.8', '5.4', '5.9', '5.6', '5.6', '5.7', '5.11a', '5.5', '5.8', '5.7', '5.9']",
Left Slab - Central,2.5,2,5.8,['TR'],60,1,,,California,Rush,1,0,"['5.10c/d', '5.9+', '5.7', '5.10a', '5.2', '5.4', '5.8+', '5.10a', '5.3', '5.3', '5.10b', '5.3', '5.4', '5.9', '5.6', '5.6', '5.7', '5.11a', '5.5', '5.8', '5.7', '5.9']",
Upper Right Corner,3.0,1,5.8,"['Sport', 'TR']",90,1,,,California,Rush,1,1,"['5.10c/d', '5.9+', '5.7', '5.10a', '5.2', '5.4', '5.8+', '5.10a', '5.3', '5.3', '5.10b', '5.3', '5.4', '5.9', '5.6', '5.6', '5.7', '5.11a', '5.5', '5.8', '5.7', '5.9']",
CF Right Groove,2.0,1,5.8+,"['Sport', 'TR']",70,1,,,California,Rush,3,0,"['5.10c/d', '5.9+', '5.7', '5.10a', '5.2', '5.4', '5.10a', '5.3', '5.3', '5.10b', '5.3', '5.8', '5.4', '5.9', '5.6', '5.6', '5.7', '5.11a', '5.5', '5.8', '5.7', '5.9']",
Upper Right Face,2.5,2,5.9,"['Sport', 'TR']",85,1,,,California,Rush,4,0,"['5.10c/d', '5.9+', '5.7', '5.10a', '5.2', '5.4', '5.8+', '5.10a', '5.3', '5.3', '5.10b', '5.3', '5.8', '5.4', '5.6', '5.6', '5.7', '5.11a', '5.5', '5.8', '5.7', '5.9']",
Left Slab - Left Arete,1.0,1,5.9,['TR'],55,1,,,California,Rush,3,0,"['5.10c/d', '5.9+', '5.7', '5.10a', '5.2', '5.4', '5.8+', '5.10a', '5.3', '5.3', '5.10b', '5.3', '5.8', '5.4', '5.6', '5.6', '5.7', '5.11a', '5.5', '5.8', '5.7', '5.9']",
Central Fins - Left Corners,3.0,1,5.9+,"['Sport', 'TR']",90,1,PG13,,California,Rush,1,1,"['5.10c/d', '5.7', '5.10a', '5.2', '5.4', '5.8+', '5.10a', '5.3', '5.3', '5.10b', '5.3', '5.8', '5.4', '5.9', '5.6', '5.6', '5.7', '5.11a', '5.5', '5.8', '5.7', '5.9']",
Cohiba,2.5,2,5.10a,"['Trad', 'TR']",65,1,,,California,Rush,2,0,"['5.10c/d', '5.9+', '5.7', '5.2', '5.4', '5.8+', '5.10a', '5.3', '5.3', '5.10b', '5.3', '5.8', '5.4', '5.9', '5.6', '5.6', '5.7', '5.11a', '5.5', '5.8', '5.7', '5.9']",
Central Fins Wandering,2.5,2,5.10a,['TR'],105,1,,,California,Rush,1,0,"['5.10c/d', '5.9+', '5.7', '5.2', '5.4', '5.8+', '5.10a', '5.3', '5.3', '5.10b', '5.3', '5.8', '5.4', '5.9', '5.6', '5.6', '5.7', '5.11a', '5.5', '5.8', '5.7', '5.9']",
Guanobita,2.5,2,5.10b,"['Trad', 'TR']",65,1,,,California,Rush,2,0,"['5.10c/d', '5.9+', '5.7', '5.10a', '5.2', '5.4', '5.8+', '5.10a', '5.3', '5.3', '5.3', '5.8', '5.4', '5.9', '5.6', '5.6', '5.7', '5.11a', '5.5', '5.8', '5.7', '5.9']",
Affordable Care,3.0,2,5.10c/d,"['Trad', 'TR']",65,1,,,California,Rush,3,0,"['5.9+', '5.7', '5.10a', '5.2', '5.4', '5.8+', '5.10a', '5.3', '5.3', '5.10b', '5.3', '5.8', '5.4', '5.9', '5.6', '5.6', '5.7', '5.11a', '5.5', '5.8', '5.7', '5.9']",
Limbaugh Limbo,3.0,1,5.11a,['TR'],100,1,,,California,Rush,1,0,"['5.10c/d', '5.9+', '5.7', '5.10a', '5.2', '5.4', '5.8+', '5.10a', '5.3', '5.3', '5.10b', '5.3', '5.8', '5.4', '5.9', '5.6', '5.6', '5.7', '5.5', '5.8', '5.7', '5.9']",
His & Hers,1.0,1,5.9,['Trad'],40,1,,,California,Rush,1,0,"['5.11a', '5.10d', '5.11c', '5.11b']",
Head Rush,2.7,3,5.10d,['Sport'],60,1,,,California,Rush,4,1,"['5.11a', '5.9', '5.11c', '5.11b']",
Fingers of Jesus,3.0,2,5.11a,['Trad'],60,1,,,California,Rush,1,0,"['5.10d', '5.9', '5.11c', '5.11b']",
Odysseus,2.5,2,5.11b,['TR'],135,1,,,California,Rush,1,1,"['5.11a', '5.10d', '5.9', '5.11c']",
Methuselah,3.5,2,5.11c,['TR'],135,1,,,California,Rush,2,0,"['5.11a', '5.10d', '5.9', '5.11b']",
Southeast Crack,2.0,3,5.8,['Trad'],50,1,,,California,Rush,6,0,"['5.9', '5.9+', '5.10c', '5.8+', '5.10b', '5.11a']",
One Pine,2.7,3,5.8+,"['Sport', 'TR']",80,1,,,California,Rush,5,3,"['5.9', '5.9+', '5.10c', '5.8', '5.10b', '5.11a']",
BD Left Inside,2.0,1,5.9,"['Sport', 'TR']",85,1,,,California,Rush,1,1,"['5.9+', '5.10c', '5.8+', '5.8', '5.10b', '5.11a']",
BD Right Up & In,2.0,1,5.9+,['TR'],55,1,,,California,Rush,1,0,"['5.9', '5.10c', '5.8+', '5.8', '5.10b', '5.11a']",
Southeast Roof,2.0,1,5.10b,['Trad'],45,1,,,California,Rush,4,0,"['5.9', '5.9+', '5.10c', '5.8+', '5.8', '5.11a']",
Good Vibes,3.3,3,5.10c,['Trad'],50,1,,,California,Rush,2,2,"['5.9', '5.9+', '5.8+', '5.8', '5.10b', '5.11a']",
Thinking of Patricia,2.5,2,5.11a,['TR'],75,1,,,California,Rush,1,0,"['5.9', '5.9+', '5.10c', '5.8+', '5.8', '5.10b']",
Left Corner,2.0,1,5.8,"['Trad', 'TR']",60,1,,,California,Rush,1,0,['5.10a'],
Route B/Left Face,3.0,1,5.10a,['Sport'],40,1,,,California,Rush,1,1,['5.8'],
From Slab To Rad,2.0,2,5.10a,['Sport'],50,1,PG13,,California,Rush,3,1,"['5.10d', '5.10c']",
The Centenarian,3.0,1,5.10c,['Sport'],60,1,,,California,Rush,1,1,"['5.10d', '5.10a']",
Bolt Line 1,2.5,2,5.10d,"['Sport', 'TR']",30,1,,,California,Rush,1,0,"['5.10c', '5.10a']",
Block South Corner,1.0,1,5.4,['TR'],25,1,,,California,Rush,1,0,"['5.6', '5.10c', '5.11a']",
Block Southeast Face,1.5,2,5.6,['TR'],25,1,,,California,Rush,1,0,"['5.4', '5.10c', '5.11a']",
O Sole Mio,2.5,2,5.10c,['TR'],45,1,,,California,Rush,1,0,"['5.4', '5.6', '5.11a']",
Unknown D,3.0,1,5.11a,['Sport'],60,1,,,California,Rush,2,5,"['5.4', '5.6', '5.10c']",
Left Diagonals,2.5,2,5.7+,['TR'],40,1,,,California,Rush,2,0,"['5.9', '5.11']",
Minority Figured,2.7,3,5.9,['Trad'],70,1,,,California,Rush,2,0,"['5.7+', '5.11']",
Squeaky Wheel,3.0,2,5.11,['Trad'],80,1,,,California,Rush,2,0,"['5.7+', '5.9']",
Behind the Potato Chips,3.0,2,5.6,['TR'],75,1,,,California,upper wall,1,0,['5.11a'],
Frendo Corner,2.5,2,5.11a,['TR'],90,1,,,California,upper wall,1,0,['5.6'],
Center Right Crack,3.0,2,5.6,['TR'],55,1,,,California,Grimsel (north),2,1,[],
Left Slab,2.0,1,5.5,"['Sport', 'TR']",90,1,,,California,Silver Lake,2,0,"['5.7', '5.5', '5.8', '5.4', '5.4', '5.7', '5.5', '5.6', '5.6']",
Left Double-Flake,2.5,2,5.9,['TR'],117,1,,,California,Grimsel (north),1,0,"['5.10b', '5.8']",
Left Center Crack,2.0,3,5.10b,['TR'],80,1,,,California,Grimsel (north),1,0,"['5.9', '5.8']",
Right Scramble,2.0,1,5.3,['TR'],85,1,,,California,Silver Lake,0,0,"['5.7+', '5.4', '5.8+', '5.7', '5.4', '5.4', '5.3', '5.6', '5.3', '5.4', '4th', '5.6', '5.3', '5.3', '5.10c']",
Snake,1.5,2,5.6,['TR'],45,1,,,California,Grimsel (north),1,0,"['5.8', '5.9', '5.8+', '5.9', '5.3', '5.8']",
Right Slab Center,2.5,2,5.8,['TR'],45,1,,,California,Grimsel (north),1,0,"['5.9', '5.8+', '5.9', '5.3', '5.8', '5.6']",
Center Slab Left,2.5,2,5.8,['TR'],55,1,,,California,Grimsel (north),1,0,"['5.9', '5.8+', '5.9', '5.3', '5.8', '5.6']",
Center Slab Middle,2.5,2,5.8+,['TR'],60,1,,,California,Grimsel (north),1,0,"['5.8', '5.9', '5.9', '5.3', '5.8', '5.6']",
Center Slab Mid-Right,2.5,2,5.9,['TR'],65,1,,,California,Grimsel (north),0,0,"['5.8', '5.8+', '5.9', '5.3', '5.8', '5.6']",
Center Slab Right,2.5,2,5.9,['TR'],65,1,,,California,Grimsel (north),0,0,"['5.8', '5.8+', '5.9', '5.3', '5.8', '5.6']",
Unmix,1.0,1,5.3,"['Sport', 'TR']",50,1,,,California,Silver Lake,1,0,"['5.8+', '5.6', '5.7', '5.4', '5.6', '5.7+', '5.7+', '5.7', '5.3', '5.6', '5.8+', '5.6', '5.7+', '5.6', '5.7+', '5.6', '5.6', '5.3', '5.4', '5.7']",
Far Left Low Chimney,1.5,2,5.3,"['Sport', 'TR']",20,1,,,California,Silver Lake,2,0,"['5.8+', '5.6', '5.7', '5.4', '5.6', '5.7+', '5.7+', '5.7', '5.3', '5.6', '5.8+', '5.6', '5.7+', '5.6', '5.7+', '5.6', '5.6', '5.3', '5.4', '5.7']",
Left Low Face,1.0,1,5.3,['TR'],30,1,,,California,Silver Lake,1,0,"['5.8+', '5.6', '5.7', '5.4', '5.6', '5.7+', '5.7+', '5.7', '5.3', '5.6', '5.8+', '5.6', '5.7+', '5.6', '5.7+', '5.6', '5.6', '5.3', '5.4', '5.7']",
Divine Martine,2.5,2,5.4,"['Sport', 'TR']",40,1,,,California,Silver Lake,1,0,"['5.8+', '5.6', '5.7', '5.3', '5.6', '5.7+', '5.7+', '5.7', '5.3', '5.6', '5.8+', '5.6', '5.7+', '5.6', '5.7+', '5.6', '5.6', '5.3', '5.4', '5.7']",
Voie Directe,3.0,1,5.4,"['Sport', 'TR']",80,1,,,California,Silver Lake,1,0,"['5.8+', '5.6', '5.7', '5.3', '5.6', '5.7+', '5.7+', '5.7', '5.3', '5.6', '5.8+', '5.6', '5.7+', '5.6', '5.7+', '5.6', '5.6', '5.3', '5.4', '5.7']",
NorthEast ridge Left side,3.0,1,5.6,"['Sport', 'TR']",85,1,,,California,Silver Lake,1,0,"['5.8+', '5.7', '5.4', '5.3', '5.6', '5.7+', '5.7+', '5.7', '5.3', '5.6', '5.8+', '5.6', '5.7+', '5.6', '5.7+', '5.6', '5.6', '5.3', '5.4', '5.7']",
Gully to Ridge Right side,2.5,2,5.6,['TR'],75,1,,,California,Silver Lake,1,0,"['5.8+', '5.7', '5.4', '5.3', '5.6', '5.7+', '5.7+', '5.7', '5.3', '5.6', '5.8+', '5.6', '5.7+', '5.6', '5.7+', '5.6', '5.6', '5.3', '5.4', '5.7']",
Right High Face,2.5,2,5.6,['TR'],80,1,,,California,Silver Lake,1,0,"['5.8+', '5.7', '5.4', '5.3', '5.6', '5.7+', '5.7+', '5.7', '5.3', '5.6', '5.8+', '5.6', '5.7+', '5.6', '5.7+', '5.6', '5.6', '5.3', '5.4', '5.7']",
Papageno,2.5,2,5.6,"['Sport', 'TR']",80,1,,,California,Silver Lake,1,0,"['5.8+', '5.7', '5.4', '5.3', '5.6', '5.7+', '5.7+', '5.7', '5.3', '5.6', '5.8+', '5.6', '5.7+', '5.6', '5.7+', '5.6', '5.6', '5.3', '5.4', '5.7']",
Mamba,3.0,2,5.6,"['Sport', 'TR']",85,1,,,California,Silver Lake,1,0,"['5.8+', '5.7', '5.4', '5.3', '5.6', '5.7+', '5.7+', '5.7', '5.3', '5.6', '5.8+', '5.6', '5.7+', '5.6', '5.7+', '5.6', '5.6', '5.3', '5.4', '5.7']",
Right Low Chimney,2.0,1,5.6,['TR'],75,1,,,California,Silver Lake,1,0,"['5.8+', '5.7', '5.4', '5.3', '5.6', '5.7+', '5.7+', '5.7', '5.3', '5.6', '5.8+', '5.6', '5.7+', '5.6', '5.7+', '5.6', '5.6', '5.3', '5.4', '5.7']",
Center High Face,2.5,2,5.6,['TR'],70,1,,,California,Silver Lake,1,0,"['5.8+', '5.7', '5.4', '5.3', '5.6', '5.7+', '5.7+', '5.7', '5.3', '5.6', '5.8+', '5.6', '5.7+', '5.6', '5.7+', '5.6', '5.6', '5.3', '5.4', '5.7']",
Center Low Face,2.5,2,5.7,['TR'],50,1,,,California,Silver Lake,1,0,"['5.8+', '5.6', '5.4', '5.3', '5.6', '5.7+', '5.7+', '5.7', '5.3', '5.6', '5.8+', '5.6', '5.7+', '5.6', '5.7+', '5.6', '5.6', '5.3', '5.4', '5.7']",
Zygofolis,3.0,1,5.7,"['Sport', 'TR']",80,1,,,California,Silver Lake,1,0,"['5.8+', '5.6', '5.4', '5.3', '5.6', '5.7+', '5.7+', '5.7', '5.3', '5.6', '5.8+', '5.6', '5.7+', '5.6', '5.7+', '5.6', '5.6', '5.3', '5.4', '5.7']",
Left High Face,2.5,2,5.7,['TR'],80,1,,,California,Silver Lake,1,0,"['5.8+', '5.6', '5.4', '5.3', '5.6', '5.7+', '5.7+', '5.7', '5.3', '5.6', '5.8+', '5.6', '5.7+', '5.6', '5.7+', '5.6', '5.6', '5.3', '5.4', '5.7']",
Remix,2.0,3,5.7+,"['Sport', 'TR']",80,1,,,California,Silver Lake,1,0,"['5.8+', '5.6', '5.7', '5.4', '5.3', '5.6', '5.7+', '5.7', '5.3', '5.6', '5.8+', '5.6', '5.7+', '5.6', '5.7+', '5.6', '5.6', '5.3', '5.4', '5.7']",
NorthEast ridge Right side,2.5,2,5.7+,['TR'],175,2,,,California,Silver Lake,1,0,"['5.8+', '5.6', '5.7', '5.4', '5.3', '5.6', '5.7+', '5.7', '5.3', '5.6', '5.8+', '5.6', '5.7+', '5.6', '5.7+', '5.6', '5.6', '5.3', '5.4', '5.7']",
Left Center Low Face,2.5,2,5.7+,['TR'],50,1,,,California,Silver Lake,1,0,"['5.8+', '5.6', '5.7', '5.4', '5.3', '5.6', '5.7+', '5.7', '5.3', '5.6', '5.8+', '5.6', '5.7+', '5.6', '5.7+', '5.6', '5.6', '5.3', '5.4', '5.7']",
Left Center High Face,2.5,2,5.7+,['TR'],75,1,,,California,Silver Lake,1,0,"['5.8+', '5.6', '5.7', '5.4', '5.3', '5.6', '5.7+', '5.7', '5.3', '5.6', '5.8+', '5.6', '5.7+', '5.6', '5.7+', '5.6', '5.6', '5.3', '5.4', '5.7']",
NorthEast ridge Direct,3.0,1,5.8+,"['Sport', 'TR']",90,1,,,California,Silver Lake,1,0,"['5.6', '5.7', '5.4', '5.3', '5.6', '5.7+', '5.7+', '5.7', '5.3', '5.6', '5.8+', '5.6', '5.7+', '5.6', '5.7+', '5.6', '5.6', '5.3', '5.4', '5.7']",
Blocks to Ridge,3.0,1,5.8+,['TR'],80,1,,,California,Silver Lake,1,0,"['5.6', '5.7', '5.4', '5.3', '5.6', '5.7+', '5.7+', '5.7', '5.3', '5.6', '5.8+', '5.6', '5.7+', '5.6', '5.7+', '5.6', '5.6', '5.3', '5.4', '5.7']",
Hammerbruch,2.5,2,5.4,"['Sport', 'TR']",65,1,,,California,Silver Lake,1,0,"['5.5', '5.7', '5.5', '5.8', '5.4', '5.7', '5.5', '5.6', '5.6']",
Left Arete + Crack,2.0,2,5.4,['TR'],70,1,,,California,Silver Lake,2,0,"['5.5', '5.7', '5.5', '5.8', '5.4', '5.7', '5.5', '5.6', '5.6']",
Center Crack,3.0,1,5.5,['TR'],60,1,,,California,Silver Lake,1,0,"['5.7', '5.5', '5.8', '5.4', '5.4', '5.7', '5.5', '5.6', '5.6']",
Connect Low,1.5,2,5.5,"['Sport', 'TR']",25,1,,,California,Silver Lake,1,0,"['5.7', '5.5', '5.8', '5.4', '5.4', '5.7', '5.5', '5.6', '5.6']",
Visit to the Gunks,2.5,2,5.6,['TR'],70,1,,,California,Silver Lake,2,0,"['5.5', '5.7', '5.5', '5.8', '5.4', '5.4', '5.7', '5.5', '5.6']",
Right Flake,2.0,1,5.6,['TR'],65,1,,,California,Silver Lake,1,0,"['5.5', '5.7', '5.5', '5.8', '5.4', '5.4', '5.7', '5.5', '5.6']",
Center Face,2.5,2,5.7,['TR'],55,1,,,California,Silver Lake,1,0,"['5.5', '5.5', '5.8', '5.4', '5.4', '5.7', '5.5', '5.6', '5.6']",
Left Ridge,3.0,1,5.7,"['Sport', 'TR']",80,1,,,California,Silver Lake,1,0,"['5.5', '5.5', '5.8', '5.4', '5.4', '5.7', '5.5', '5.6', '5.6']",
Connect Secor to Moynier,2.0,1,5.8,"['Sport', 'TR']",70,1,,,California,Silver Lake,1,0,"['5.5', '5.7', '5.5', '5.4', '5.4', '5.7', '5.5', '5.6', '5.6']",
Trail Slab - Face Right,2.0,1,5.2,['TR'],95,1,,,California,Silver Lake,1,0,"['5.9', '5.5', '5.9', '5.5', '5.7+', '5.6', '5.6', '5.4', '5.3', '5.4', '5.3', '5.9+', '5.8+', '5.7', '5.7', '5.4', '5.3', '5.3']",
Trail Slab - Right Gully,2.5,2,5.3,['TR'],95,1,,,California,Silver Lake,1,0,"['5.9', '5.5', '5.9', '5.5', '5.7+', '5.6', '5.6', '5.4', '5.4', '5.3', '5.9+', '5.8+', '5.2', '5.7', '5.7', '5.4', '5.3', '5.3']",
TS Short Squeeze,1.0,1,5.3,['TR'],40,1,,,California,Silver Lake,1,0,"['5.9', '5.5', '5.9', '5.5', '5.7+', '5.6', '5.6', '5.4', '5.4', '5.3', '5.9+', '5.8+', '5.2', '5.7', '5.7', '5.4', '5.3', '5.3']",
Right Edge,2.5,2,5.3,"['Sport', 'TR']",90,1,,,California,Silver Lake,1,0,"['5.9', '5.5', '5.9', '5.5', '5.7+', '5.6', '5.6', '5.4', '5.4', '5.3', '5.9+', '5.8+', '5.2', '5.7', '5.7', '5.4', '5.3', '5.3']",
Salamander,3.0,1,5.3,"['Sport', 'TR']",95,1,,,California,Silver Lake,1,0,"['5.9', '5.5', '5.9', '5.5', '5.7+', '5.6', '5.6', '5.4', '5.4', '5.3', '5.9+', '5.8+', '5.2', '5.7', '5.7', '5.4', '5.3', '5.3']",
Trail Slab - Right Corner,3.0,1,5.4,"['Sport', 'TR']",95,1,,,California,Silver Lake,2,0,"['5.9', '5.5', '5.9', '5.5', '5.7+', '5.6', '5.6', '5.3', '5.4', '5.3', '5.9+', '5.8+', '5.2', '5.7', '5.7', '5.4', '5.3', '5.3']",
Obelix,2.8,4,5.4,"['Sport', 'TR']",70,1,,,California,Silver Lake,1,0,"['5.9', '5.5', '5.9', '5.5', '5.7+', '5.6', '5.6', '5.3', '5.4', '5.3', '5.9+', '5.8+', '5.2', '5.7', '5.7', '5.4', '5.3', '5.3']",
Right Squeeze,2.5,2,5.4,['TR'],45,1,,,California,Silver Lake,0,0,"['5.9', '5.5', '5.9', '5.5', '5.7+', '5.6', '5.6', '5.3', '5.4', '5.3', '5.9+', '5.8+', '5.2', '5.7', '5.7', '5.4', '5.3', '5.3']",
Central - Left Corner,2.5,2,5.5,['TR'],65,1,,,California,Silver Lake,1,0,"['5.9', '5.9', '5.5', '5.7+', '5.6', '5.6', '5.4', '5.3', '5.4', '5.3', '5.9+', '5.8+', '5.2', '5.7', '5.7', '5.4', '5.3', '5.3']",
Central - Left Ridge,2.7,3,5.5,"['Sport', 'TR']",70,1,,,California,Silver Lake,1,0,"['5.9', '5.9', '5.5', '5.7+', '5.6', '5.6', '5.4', '5.3', '5.4', '5.3', '5.9+', '5.8+', '5.2', '5.7', '5.7', '5.4', '5.3', '5.3']",
IceCube,3.0,1,5.6,['TR'],60,1,,,California,Silver Lake,1,0,"['5.9', '5.5', '5.9', '5.5', '5.7+', '5.6', '5.4', '5.3', '5.4', '5.3', '5.9+', '5.8+', '5.2', '5.7', '5.7', '5.4', '5.3', '5.3']",
Far Right Face,2.5,2,5.6,['TR'],57,1,,,California,Silver Lake,1,0,"['5.9', '5.5', '5.9', '5.5', '5.7+', '5.6', '5.4', '5.3', '5.4', '5.3', '5.9+', '5.8+', '5.2', '5.7', '5.7', '5.4', '5.3', '5.3']",
Trail Slab - Left Corner,2.5,2,5.7,['TR'],95,1,,,California,Silver Lake,1,0,"['5.9', '5.5', '5.9', '5.5', '5.7+', '5.6', '5.6', '5.4', '5.3', '5.4', '5.3', '5.9+', '5.8+', '5.2', '5.7', '5.4', '5.3', '5.3']",
Trail Slab - Middle Prongs,1.7,3,5.7,"['Sport', 'TR']",95,1,,,California,Silver Lake,1,0,"['5.9', '5.5', '5.9', '5.5', '5.7+', '5.6', '5.6', '5.4', '5.3', '5.4', '5.3', '5.9+', '5.8+', '5.2', '5.7', '5.4', '5.3', '5.3']",
Central - Right Overlap,2.5,2,5.7+,['TR'],70,1,,,California,Silver Lake,2,0,"['5.9', '5.5', '5.9', '5.5', '5.6', '5.6', '5.4', '5.3', '5.4', '5.3', '5.9+', '5.8+', '5.2', '5.7', '5.7', '5.4', '5.3', '5.3']",
Shelves - Wander Right,2.5,2,5.8+,['TR'],95,1,,,California,Silver Lake,2,0,"['5.9', '5.5', '5.9', '5.5', '5.7+', '5.6', '5.6', '5.4', '5.3', '5.4', '5.3', '5.9+', '5.2', '5.7', '5.7', '5.4', '5.3', '5.3']",
Blazar,3.0,1,5.9,['TR'],60,1,,,California,Silver Lake,1,0,"['5.5', '5.9', '5.5', '5.7+', '5.6', '5.6', '5.4', '5.3', '5.4', '5.3', '5.9+', '5.8+', '5.2', '5.7', '5.7', '5.4', '5.3', '5.3']",
Central - Left Overlap,1.5,2,5.9,['TR'],70,1,,,California,Silver Lake,1,0,"['5.5', '5.9', '5.5', '5.7+', '5.6', '5.6', '5.4', '5.3', '5.4', '5.3', '5.9+', '5.8+', '5.2', '5.7', '5.7', '5.4', '5.3', '5.3']",
Shelves - Wander Left,3.0,1,5.9+,['TR'],95,1,,,California,Silver Lake,1,0,"['5.9', '5.5', '5.9', '5.5', '5.7+', '5.6', '5.6', '5.4', '5.3', '5.4', '5.3', '5.8+', '5.2', '5.7', '5.7', '5.4', '5.3', '5.3']",
Left Scramble,2.5,2,4th,['Trad'],180,2,PG13,,California,Silver Lake,0,0,"['5.3', '5.7+', '5.4', '5.8+', '5.7', '5.4', '5.4', '5.3', '5.6', '5.3', '5.4', '5.6', '5.3', '5.3', '5.10c']",
Left Gully Edge,2.0,1,5.3,['TR'],28,1,,,California,Silver Lake,0,0,"['5.7+', '5.4', '5.8+', '5.7', '5.4', '5.4', '5.3', '5.6', '5.3', '5.4', '4th', '5.6', '5.3', '5.3', '5.10c']",
Left alongside Right Gully,2.5,2,5.3,"['Sport', 'TR', 'Aid']",70,1,,,California,Silver Lake,0,0,"['5.7+', '5.4', '5.8+', '5.7', '5.4', '5.4', '5.3', '5.6', '5.3', '5.4', '4th', '5.6', '5.3', '5.3', '5.10c']",
Almost-Right Wide Gully,2.0,1,5.3,['TR'],50,1,,,California,Silver Lake,0,0,"['5.7+', '5.4', '5.8+', '5.7', '5.4', '5.4', '5.3', '5.6', '5.3', '5.4', '4th', '5.6', '5.3', '5.3', '5.10c']",
Right Ridge,2.5,2,5.3,['TR'],65,1,,,California,Silver Lake,0,0,"['5.7+', '5.4', '5.8+', '5.7', '5.4', '5.4', '5.3', '5.6', '5.3', '5.4', '4th', '5.6', '5.3', '5.3', '5.10c']",
Left Gully Shelf,2.0,1,5.4,['TR'],30,1,,,California,Silver Lake,0,0,"['5.3', '5.7+', '5.8+', '5.7', '5.4', '5.4', '5.3', '5.6', '5.3', '5.4', '4th', '5.6', '5.3', '5.3', '5.10c']",
Central Scramble,2.5,2,5.4,['Sport'],115,1,,,California,Silver Lake,0,0,"['5.3', '5.7+', '5.8+', '5.7', '5.4', '5.4', '5.3', '5.6', '5.3', '5.4', '4th', '5.6', '5.3', '5.3', '5.10c']",
Central Grooves,2.0,1,5.4,"['Sport', 'TR']",35,1,,,California,Silver Lake,0,0,"['5.3', '5.7+', '5.8+', '5.7', '5.4', '5.4', '5.3', '5.6', '5.3', '5.4', '4th', '5.6', '5.3', '5.3', '5.10c']",
Far Left Pine Plus,2.0,1,5.4,['TR'],40,1,,,California,Silver Lake,0,0,"['5.3', '5.7+', '5.8+', '5.7', '5.4', '5.4', '5.3', '5.6', '5.3', '5.4', '4th', '5.6', '5.3', '5.3', '5.10c']",
Right alongside Right Gully,2.0,1,5.6,['TR'],59,1,,,California,Silver Lake,0,0,"['5.3', '5.7+', '5.4', '5.8+', '5.7', '5.4', '5.4', '5.3', '5.3', '5.4', '4th', '5.6', '5.3', '5.3', '5.10c']",
Left Face,2.0,1,5.6,['TR'],35,1,,,California,Silver Lake,0,0,"['5.3', '5.7+', '5.4', '5.8+', '5.7', '5.4', '5.4', '5.3', '5.3', '5.4', '4th', '5.6', '5.3', '5.3', '5.10c']",
Central Right Face,2.5,2,5.7,['TR'],35,1,,,California,Silver Lake,0,0,"['5.3', '5.7+', '5.4', '5.8+', '5.4', '5.4', '5.3', '5.6', '5.3', '5.4', '4th', '5.6', '5.3', '5.3', '5.10c']",
Central Crack,1.0,1,5.7+,['TR'],30,1,,,California,Silver Lake,0,0,"['5.3', '5.4', '5.8+', '5.7', '5.4', '5.4', '5.3', '5.6', '5.3', '5.4', '4th', '5.6', '5.3', '5.3', '5.10c']",
Central Left Face,2.0,1,5.8+,['TR'],35,1,,,California,Silver Lake,0,0,"['5.3', '5.7+', '5.4', '5.7', '5.4', '5.4', '5.3', '5.6', '5.3', '5.4', '4th', '5.6', '5.3', '5.3', '5.10c']",
Urnas' Edge,2.0,1,5.10c,['TR'],90,1,,,California,Silver Lake,0,0,"['5.3', '5.7+', '5.4', '5.8+', '5.7', '5.4', '5.4', '5.3', '5.6', '5.3', '5.4', '4th', '5.6', '5.3', '5.3']",
Far Left Scramble,2.5,2,5.3,"['Trad', 'TR']",160,2,X,,California,Silver Lake,0,0,"['5.6', '5.8', '5.6', '5.9', '5.10b', '5.9', '5.9', '5.8', '5.7', '5.7', '5.6']",
Central Gully,2.0,2,5.6,"['Sport', 'TR']",68,1,PG13,,California,Silver Lake,0,0,"['5.8', '5.6', '5.3', '5.9', '5.10b', '5.9', '5.9', '5.8', '5.7', '5.7', '5.6']",
Right Face Right Side,2.5,2,5.6,['TR'],60,1,,,California,Silver Lake,0,0,"['5.8', '5.6', '5.3', '5.9', '5.10b', '5.9', '5.9', '5.8', '5.7', '5.7', '5.6']",
Far Left Face,2.0,1,5.6,['TR'],74,1,,,California,Silver Lake,0,1,"['5.8', '5.6', '5.3', '5.9', '5.10b', '5.9', '5.9', '5.8', '5.7', '5.7', '5.6']",
Right Face Right Edge,2.0,1,5.7,['TR'],60,1,,,California,Silver Lake,0,0,"['5.6', '5.8', '5.6', '5.3', '5.9', '5.10b', '5.9', '5.9', '5.8', '5.7', '5.6']",
Right Face Left Side,2.5,2,5.7,['TR'],60,1,,,California,Silver Lake,0,0,"['5.6', '5.8', '5.6', '5.3', '5.9', '5.10b', '5.9', '5.9', '5.8', '5.7', '5.6']",
Right Face Center,2.5,2,5.8,['TR'],60,1,,,California,Silver Lake,0,0,"['5.6', '5.6', '5.3', '5.9', '5.10b', '5.9', '5.9', '5.8', '5.7', '5.7', '5.6']",
Far Left Bulgelet,2.5,2,5.8,['TR'],75,1,,,California,Silver Lake,0,1,"['5.6', '5.6', '5.3', '5.9', '5.10b', '5.9', '5.9', '5.8', '5.7', '5.7', '5.6']",
Left Face Center,1.5,2,5.9,['TR'],35,1,,,California,Silver Lake,0,0,"['5.6', '5.8', '5.6', '5.3', '5.10b', '5.9', '5.9', '5.8', '5.7', '5.7', '5.6']",
Left Face Right Edge Plus,2.0,1,5.9,"['Sport', 'TR']",78,1,,,California,Silver Lake,0,0,"['5.6', '5.8', '5.6', '5.3', '5.10b', '5.9', '5.9', '5.8', '5.7', '5.7', '5.6']",
Left Gully,2.5,2,5.9,['TR'],40,1,,,California,Silver Lake,0,0,"['5.6', '5.8', '5.6', '5.3', '5.10b', '5.9', '5.9', '5.8', '5.7', '5.7', '5.6']",
Left Face Left,2.5,2,5.10b,['TR'],40,1,,,California,Silver Lake,0,0,"['5.6', '5.8', '5.6', '5.3', '5.9', '5.9', '5.9', '5.8', '5.7', '5.7', '5.6']",
Big Dihedral,2.5,2,5.7+,['TR'],110,2,,,California,Silver Lake,2,0,[],
Hole Corner,2.5,2,5.7,['TR'],110,1,,,California,Silver Lake,2,0,"['5.7+', '5.8']",
Hole Face,3.0,1,5.7+,['TR'],65,1,,,California,Silver Lake,2,0,"['5.7', '5.8']",
Left-facing Corner Crack,3.0,1,5.8,['TR'],105,1,,,California,Silver Lake,2,0,"['5.7', '5.7+']",
Couloir du Pissoir,1.0,1,4th,['Trad'],250,1,,,California,Silver Lake,1,0,"['5.7', '5.6', '5.6', '5.4', '5.8', '5.8', '5.8']",
Robinson Ridge,3.0,1,5.4,['Sport'],190,2,PG13,,California,Silver Lake,4,0,"['4th', '5.7', '5.6', '5.6', '5.8', '5.8', '5.8']",
Pitone usato nelle dolomiti?,2.0,1,5.6,['Trad'],150,2,PG13,,California,Silver Lake,5,2,"['4th', '5.7', '5.6', '5.4', '5.8', '5.8', '5.8']",
Penn Alti,2.5,2,5.6,['TR'],60,1,,,California,Silver Lake,1,0,"['4th', '5.7', '5.6', '5.4', '5.8', '5.8', '5.8']",
FÃ¤hndlimaa,2.5,2,5.7,['TR'],60,1,,,California,Silver Lake,0,0,"['4th', '5.6', '5.6', '5.4', '5.8', '5.8', '5.8']",
Silver Fern,3.0,2,5.8,['Sport'],60,1,,,California,Silver Lake,1,1,"['4th', '5.7', '5.6', '5.6', '5.4', '5.8', '5.8']",
Southern Cross,2.5,2,5.8,['TR'],45,1,,,California,Silver Lake,1,0,"['4th', '5.7', '5.6', '5.6', '5.4', '5.8', '5.8']",
z'Vieri,2.0,1,5.8,['TR'],40,1,,,California,Silver Lake,1,0,"['4th', '5.7', '5.6', '5.6', '5.4', '5.8', '5.8']",
Low Slab Left,2.0,1,5.3,['TR'],80,1,,,California,Silver Lake,1,0,"['5.7', '5.7+', '5.8+', '5.8', '5.4', '5.9+', '5.8']",
Low Slab Direct,2.0,1,5.4,['TR'],80,1,,,California,Silver Lake,1,0,"['5.7', '5.7+', '5.8+', '5.8', '5.3', '5.9+', '5.8']",
5th Symphony,2.5,4,5.7,['TR'],80,1,,,California,Silver Lake,3,0,"['5.7+', '5.8+', '5.8', '5.4', '5.3', '5.9+', '5.8']",
Darker Between Ribs,2.0,1,5.7+,['TR'],80,1,,,California,Silver Lake,1,0,"['5.7', '5.8+', '5.8', '5.4', '5.3', '5.9+', '5.8']",
Left White Rib,2.5,2,5.8,['TR'],79,1,,,California,Silver Lake,1,0,"['5.7', '5.7+', '5.8+', '5.4', '5.3', '5.9+', '5.8']",
Valse Viennoise,3.0,1,5.8,['TR'],80,1,,,California,Silver Lake,2,0,"['5.7', '5.7+', '5.8+', '5.4', '5.3', '5.9+', '5.8']",
Left White Face,2.0,1,5.8+,['TR'],80,1,,,California,Silver Lake,1,0,"['5.7', '5.7+', '5.8', '5.4', '5.3', '5.9+', '5.8']",
Right White Rib,2.5,2,5.9+,['TR'],75,1,,,California,Silver Lake,1,0,"['5.7', '5.7+', '5.8+', '5.8', '5.4', '5.3', '5.8']",
Sade's Brazilian,3.0,2,5.8+,['Sport'],83,1,,,California,Gull Buttress,0,0,"['5.10c', '5.11a']",
Action Figure (In Memory of Bruce Sato),2.7,3,5.10c,"['Sport', 'TR']",90,1,,,California,Gull Buttress,0,1,"['5.8+', '5.11a']",
Smooth Operator,3.0,3,5.11a,"['Sport', 'TR']",90,1,,,California,Gull Buttress,0,1,"['5.10c', '5.8+']",
Pete's Dream,1.5,2,5.4,"['Trad', 'Ice', 'Snow', 'Alpine']",2000,1,PG13,III,California,Carson Peak,7,0,['5.9-'],
Saint's Way (AKA Y-Couloir),1.7,3,5.9-,"['Trad', 'Snow', 'Alpine']",1000,2,PG13,IV,California,Carson Peak,5,3,['5.4'],
Go for it!,4.0,1,5.9,"['Trad', 'Aid']",800,6,X,IV,California,June Lake Area,6,0,[],
This Spud's For You,2.0,23,5.10a,['Sport'],40,1,,,California,Potato Patch,2,0,"['5.10c', '5.10b']",
Extra Wasabi Please,1.7,9,5.10b,['Sport'],40,1,,,California,Potato Patch,0,0,"['5.10c', '5.10a']",
Bucket Brigade,2.0,13,5.10c,['Sport'],50,1,,,California,Potato Patch,0,1,"['5.10b', '5.10a']",
Spud Launcher,2.2,35,5.9,['Sport'],40,1,,,California,Potato Patch,0,2,"['5.9+', '5.11b', '5.11c']",
Epiglottis,2.0,18,5.9+,['Sport'],40,1,,,California,Potato Patch,0,1,"['5.11b', '5.11c', '5.9']",
King Spud,3.5,47,5.11b,['Sport'],60,1,,,California,Potato Patch,2,3,"['5.9+', '5.11c', '5.9']",
Spud Boy,3.3,24,5.11c,['Sport'],60,1,,,California,Potato Patch,0,0,"['5.9+', '5.11b', '5.9']",
Ruffles,3.1,70,5.10a,['Sport'],50,1,,,California,Potato Patch,6,3,['5.10b'],
Funyuns,2.5,19,5.10b,['Sport'],50,1,,,California,Potato Patch,0,2,['5.10a'],
Mini Madness,2.4,28,5.10c,['Sport'],40,1,,,California,Potato Patch,0,1,"['5.11c', '5.10c']",
Well Hung,2.4,39,5.10c,['Sport'],30,1,,,California,Potato Patch,0,3,"['5.11c', '5.10c']",
Thunderball,3.2,28,5.11c,['Sport'],40,1,,,California,Potato Patch,1,2,"['5.10c', '5.10c']",
Hash Brownies,2.1,35,5.8,['Sport'],30,1,,,California,Potato Patch,4,7,['5.10c'],
Killer Green Spud,2.1,19,5.10c,['Sport'],30,1,,,California,Potato Patch,1,0,['5.8'],
Spudley Do-Right,1.8,6,5.8,['Sport'],30,1,,,California,Potato Patch,0,0,"['5.10d', '5.10a', '5.9']",
Spudnik,1.3,12,5.9,['Sport'],30,1,,,California,Potato Patch,0,0,"['5.10d', '5.10a', '5.8']",
Pull Your Spud,1.8,11,5.10a,['Sport'],30,1,,,California,Potato Patch,0,1,"['5.10d', '5.8', '5.9']",
James Bong Agent 420,2.0,5,5.10d,['Sport'],30,1,,,California,Potato Patch,0,0,"['5.10a', '5.8', '5.9']",
Exqueeze Me,1.6,42,5.6,['Sport'],60,1,,,California,Area 13,1,2,"['5.9', '5.7', '5.10b', '5.11a', '5.8', '5.9', '5.8', '5.9+', '5.8', '5.7', '5.10a', '5.8', '5.10b', '5.7', '5.7', '5.8']",
Mobetta Fogetta,2.1,73,5.7,['Sport'],,1,,,California,Area 13,2,4,"['5.9', '5.10b', '5.11a', '5.8', '5.9', '5.8', '5.6', '5.9+', '5.8', '5.7', '5.10a', '5.8', '5.10b', '5.7', '5.7', '5.8']",
"Ugly, Fat, Mean, Come to Mammoth, Be a Queen",3.1,145,5.7,['Sport'],,1,,,California,Area 13,9,12,"['5.9', '5.10b', '5.11a', '5.8', '5.9', '5.8', '5.6', '5.9+', '5.8', '5.7', '5.10a', '5.8', '5.10b', '5.7', '5.7', '5.8']",
Bodhisattva,2.5,80,5.7,['Sport'],80,1,,,California,Area 13,2,4,"['5.9', '5.10b', '5.11a', '5.8', '5.9', '5.8', '5.6', '5.9+', '5.8', '5.7', '5.10a', '5.8', '5.10b', '5.7', '5.7', '5.8']",
Too Many Princesses,1.9,35,5.7,['Sport'],70,1,,,California,Area 13,1,5,"['5.9', '5.10b', '5.11a', '5.8', '5.9', '5.8', '5.6', '5.9+', '5.8', '5.7', '5.10a', '5.8', '5.10b', '5.7', '5.7', '5.8']",
Wild Will's Arete,3.4,171,5.8,['Sport'],115,1,,,California,Area 13,6,8,"['5.9', '5.7', '5.10b', '5.11a', '5.9', '5.8', '5.6', '5.9+', '5.8', '5.7', '5.10a', '5.8', '5.10b', '5.7', '5.7', '5.8']",
Now and Zen,2.3,47,5.8,['Sport'],90,1,,,California,Area 13,1,2,"['5.9', '5.7', '5.10b', '5.11a', '5.9', '5.8', '5.6', '5.9+', '5.8', '5.7', '5.10a', '5.8', '5.10b', '5.7', '5.7', '5.8']",
Chupacabras,2.4,75,5.8,['Sport'],,1,,,California,Area 13,3,2,"['5.9', '5.7', '5.10b', '5.11a', '5.9', '5.8', '5.6', '5.9+', '5.8', '5.7', '5.10a', '5.8', '5.10b', '5.7', '5.7', '5.8']",
Drop Zone,2.6,68,5.8,['Sport'],,1,,,California,Area 13,1,6,"['5.9', '5.7', '5.10b', '5.11a', '5.9', '5.8', '5.6', '5.9+', '5.8', '5.7', '5.10a', '5.8', '5.10b', '5.7', '5.7', '5.8']",
IEPA!,2.0,56,5.8,['Sport'],80,1,,,California,Area 13,0,4,"['5.9', '5.7', '5.10b', '5.11a', '5.9', '5.8', '5.6', '5.9+', '5.8', '5.7', '5.10a', '5.8', '5.10b', '5.7', '5.7', '5.8']",
A Danger to Ourselves and Others,3.0,2,5.9,['Trad'],500,5,,II,California,Area 13,4,0,"['5.7', '5.10b', '5.11a', '5.8', '5.9', '5.8', '5.6', '5.9+', '5.8', '5.7', '5.10a', '5.8', '5.10b', '5.7', '5.7', '5.8']",
Digit Delight,2.6,81,5.9,['Sport'],,1,,,California,Area 13,1,3,"['5.7', '5.10b', '5.11a', '5.8', '5.9', '5.8', '5.6', '5.9+', '5.8', '5.7', '5.10a', '5.8', '5.10b', '5.7', '5.7', '5.8']",
I Yam,3.2,51,5.9+,['Sport'],100,1,PG13,,California,Area 13,1,3,"['5.9', '5.7', '5.10b', '5.11a', '5.8', '5.9', '5.8', '5.6', '5.8', '5.7', '5.10a', '5.8', '5.10b', '5.7', '5.7', '5.8']",
More Trad Than Rad,2.7,18,5.10a,['Trad'],,1,,,California,Area 13,0,3,"['5.9', '5.7', '5.10b', '5.11a', '5.8', '5.9', '5.8', '5.6', '5.9+', '5.8', '5.7', '5.8', '5.10b', '5.7', '5.7', '5.8']",
This Ain't No Weenie Roast,2.7,47,5.10b,['Sport'],80,1,,,California,Area 13,0,6,"['5.9', '5.7', '5.11a', '5.8', '5.9', '5.8', '5.6', '5.9+', '5.8', '5.7', '5.10a', '5.8', '5.10b', '5.7', '5.7', '5.8']",
Borrowing From Tradition,3.5,93,5.10b,['Sport'],90,1,,,California,Area 13,2,2,"['5.9', '5.7', '5.11a', '5.8', '5.9', '5.8', '5.6', '5.9+', '5.8', '5.7', '5.10a', '5.8', '5.10b', '5.7', '5.7', '5.8']",
Chapusero,2.3,26,5.11a,['Sport'],90,1,,,California,Area 13,0,4,"['5.9', '5.7', '5.10b', '5.8', '5.9', '5.8', '5.6', '5.9+', '5.8', '5.7', '5.10a', '5.8', '5.10b', '5.7', '5.7', '5.8']",
Rock Candy,3.0,63,5.7,['Sport'],70,1,,,California,Area 13,2,5,"['5.9', '5.8', '5.10a', '5.8', '5.11c', '5.10a', '5.8', '5.8']",
Chilango,1.9,23,5.8,['Sport'],45,1,,V,California,Area 13,0,1,"['5.9', '5.10a', '5.8', '5.11c', '5.10a', '5.8', '5.7', '5.8']",
Pachuco,2.5,31,5.8,['Sport'],,1,,,California,Area 13,0,1,"['5.9', '5.10a', '5.8', '5.11c', '5.10a', '5.8', '5.7', '5.8']",
Scorpio,2.5,32,5.8,['Trad'],50,1,,,California,Area 13,0,2,"['5.9', '5.10a', '5.8', '5.11c', '5.10a', '5.8', '5.7', '5.8']",
Chop Chop,2.3,55,5.8,['Trad'],,1,,,California,Area 13,2,5,"['5.9', '5.10a', '5.8', '5.11c', '5.10a', '5.8', '5.7', '5.8']",
Bread Line,2.7,47,5.9,['Sport'],70,1,,,California,Area 13,3,4,"['5.8', '5.10a', '5.8', '5.11c', '5.10a', '5.8', '5.7', '5.8']",
No Left Turn,1.8,20,5.10a,['Sport'],40,1,,,California,Area 13,0,2,"['5.9', '5.8', '5.8', '5.11c', '5.10a', '5.8', '5.7', '5.8']",
Cholito,3.0,37,5.10a,['Sport'],,1,,,California,Area 13,1,5,"['5.9', '5.8', '5.8', '5.11c', '5.10a', '5.8', '5.7', '5.8']",
Get Tuff,2.1,12,5.11c,['Sport'],50,1,,,California,Area 13,0,1,"['5.9', '5.8', '5.10a', '5.8', '5.10a', '5.8', '5.7', '5.8']",
Demasiado,2.6,39,5.7,['Sport'],60,1,,,California,Area 13,1,2,"['5.7', '5.9', '5.8', '5.10a']",
Backscratcher,3.0,40,5.7,['Sport'],115,1,,,California,Area 13,1,4,"['5.7', '5.9', '5.8', '5.10a']",
No More Mister Nice Guy,2.1,16,5.8,['Sport'],165,1,,,California,Area 13,1,2,"['5.7', '5.7', '5.9', '5.10a']",
Nice Guys Finish Last,2.4,22,5.9,['Sport'],165,1,,,California,Area 13,3,4,"['5.7', '5.7', '5.8', '5.10a']",
No More Mister Nice Guy - 10a Variation,2.4,16,5.10a,['Sport'],,1,,,California,Area 13,1,0,"['5.7', '5.7', '5.9', '5.8']",
Impatient Ladies,1.8,4,5.8,['Sport'],85,1,,,California,Area 13,1,0,['5.8'],
Louie The Lumberjack,1.3,4,5.8,['Sport'],85,1,,,California,Area 13,2,1,['5.8'],
So it Goes,1.9,14,5.6,['Sport'],,1,,,California,Area 13,0,3,"['5.9', '5.8', '5.8']",
Lichen It,2.4,5,5.8,['Sport'],35,1,,,California,Area 13,0,0,"['5.9', '5.6', '5.8']",
Who Dropped the Soap?,1.8,4,5.8,['Sport'],,1,,,California,Area 13,0,0,"['5.9', '5.6', '5.8']",
Inyo Face,3.1,14,5.9,['Sport'],,1,,,California,Area 13,0,0,"['5.8', '5.6', '5.8']",
Keough Memorial Buttress,2.1,14,5.8,['Sport'],80,1,,,California,Area 13,0,2,"['5.8', '5.8+']",
Taboo,2.0,1,5.8,['Sport'],65,1,,,California,Area 13,1,0,"['5.8', '5.8+']",
YRUASOB247?,1.0,1,5.8+,['Sport'],65,1,,,California,Area 13,0,0,"['5.8', '5.8']",
X-4,1.5,2,5.10a,['Sport'],60,1,,,California,Area 13,1,0,[],
Stick to Your Ribs,2.0,4,5.10a,['Sport'],60,1,,,California,Clark Canyon,1,1,['5.10b'],
Pulled Pork,1.5,4,5.10b,['Sport'],65,1,,,California,Clark Canyon,0,2,['5.10a'],
